loss,accuracy,group,training_group
0.010209871456027031,1.0,0,0
0.4538556635379791,0.9,0,1
0.09172425419092178,1.0,1,1
0.2976858913898468,0.9,0,2
0.3668012022972107,0.9,1,2
0.13305801153182983,1.0,2,2
0.14934024214744568,1.0,0,3
0.6319904923439026,0.8,1,3
1.2406855821609497,0.7,2,3
1.4321391582489014,0.5,3,3
0.31724828481674194,0.9,0,4
0.2272302806377411,1.0,1,4
0.5633085370063782,0.8,2,4
2.507739543914795,0.4,3,4
0.19665291905403137,0.9,4,4
