loss,accuracy,group,training_group
0.25848549604415894,0.9,0,0
0.39324483275413513,1.0,0,1
0.14963574707508087,1.0,1,1
0.526456356048584,0.8,0,2
1.0939030647277832,0.7,1,2
0.7519707083702087,0.7,2,2
0.46302229166030884,0.9,0,3
0.7478805780410767,0.8,1,3
1.4425705671310425,0.5,2,3
1.0898630619049072,0.6,3,3
1.0060111284255981,0.7,0,4
0.9910033345222473,0.9,1,4
2.5760505199432373,0.4,2,4
2.4709296226501465,0.2,3,4
0.7854967713356018,0.7,4,4
