loss,accuracy,group,training_group
0.09740982949733734,1.0,0,0
0.41114965081214905,0.9,0,1
0.3439791798591614,0.9,1,1
0.3530275523662567,1.0,0,2
0.4798891544342041,0.9,1,2
0.40503591299057007,0.9,2,2
0.6957077383995056,0.8,0,3
0.6239036917686462,0.9,1,3
1.0773370265960693,0.7,2,3
1.3253223896026611,0.6,3,3
0.3253806233406067,0.9,0,4
1.0062134265899658,0.7,1,4
1.083794355392456,0.7,2,4
2.5541577339172363,0.5,3,4
0.8247661590576172,0.8,4,4
