loss,accuracy,group,training_group
0.23742131888866425,0.9,0,0
0.6181986331939697,0.7,0,1
0.4014034867286682,0.8,1,1
1.322263479232788,0.5,0,2
1.2251652479171753,0.6,1,2
0.34335988759994507,0.9,2,2
1.9354184865951538,0.4,0,3
1.9952465295791626,0.6,1,3
1.0872032642364502,0.8,2,3
1.5329277515411377,0.7,3,3
2.5274763107299805,0.3,0,4
1.8759568929672241,0.5,1,4
1.346800446510315,0.7,2,4
2.0231728553771973,0.4,3,4
0.3183905780315399,0.9,4,4
