loss,accuracy,group,training_group
22.059186935424805,0.1,0,0
3.3191914558410645,0.1,0,1
1.3827073574066162,0.55,1,1
4.0667524337768555,0.05,0,2
2.8611884117126465,0.3,1,2
0.7269406318664551,0.85,2,2
3.766557216644287,0.1,0,3
3.777442216873169,0.15,1,3
1.3243399858474731,0.55,2,3
1.1190932989120483,0.7,3,3
4.322606563568115,0.0,0,4
4.799045562744141,0.05,1,4
3.3924155235290527,0.15,2,4
2.5110738277435303,0.3,3,4
1.1413967609405518,0.7,4,4
