loss,accuracy,group,training_group
24.362333297729492,0.1,0,0
3.4534225463867188,0.15,0,1
1.126173496246338,0.65,1,1
4.233432292938232,0.05,0,2
3.0859742164611816,0.25,1,2
0.8387271165847778,0.95,2,2
4.517909526824951,0.05,0,3
5.112472057342529,0.05,1,3
1.5045158863067627,0.55,2,3
1.1840293407440186,0.75,3,3
6.048501491546631,0.1,0,4
7.439032077789307,0.0,1,4
4.305286884307861,0.0,2,4
2.3820786476135254,0.25,3,4
1.0520119667053223,0.7,4,4
