loss,accuracy,group,training_group
0.10779169201850891,0.96,0,0
0.4402739703655243,0.9,0,1
0.16713422536849976,0.92,1,1
0.741976797580719,0.78,0,2
0.5447773933410645,0.88,1,2
0.8620221018791199,0.82,2,2
0.434151291847229,0.88,0,3
0.31966614723205566,0.94,1,3
1.087883472442627,0.72,2,3
0.643892228603363,0.7,3,3
0.3647177219390869,0.88,0,4
0.2742219865322113,0.96,1,4
1.2201929092407227,0.64,2,4
1.5845853090286255,0.52,3,4
0.443624883890152,0.82,4,4
