loss,accuracy,group,training_group
0.1129128709435463,1.0,0,0
0.2737720310688019,1.0,0,1
0.5315848588943481,0.8,1,1
0.5122957825660706,0.8,0,2
0.6584492921829224,0.8,1,2
0.6651045083999634,0.6,2,2
0.37713000178337097,0.8,0,3
0.3791518211364746,1.0,1,3
1.8464467525482178,0.4,2,3
0.36032634973526,0.8,3,3
0.15687109529972076,1.0,0,4
0.32325881719589233,1.0,1,4
1.551822304725647,0.4,2,4
1.1570379734039307,0.6,3,4
0.6643363833427429,0.6,4,4
