loss,accuracy,group,training_group
21.039865493774414,0.1,0,0
3.574394702911377,0.1,0,1
1.6850357055664062,0.5,1,1
4.018614768981934,0.1,0,2
3.034679651260376,0.3,1,2
1.5086512565612793,0.8,2,2
4.170865058898926,0.1,0,3
4.0062665939331055,0.2,1,3
2.0504729747772217,0.4,2,3
1.0315802097320557,0.9,3,3
4.573009967803955,0.1,0,4
4.784128189086914,0.2,1,4
3.6821727752685547,0.1,2,4
2.0541257858276367,0.5,3,4
0.9681898951530457,0.7,4,4
