loss,accuracy,group,training_group
0.13089771568775177,0.98,0,0
0.3453727662563324,0.9,0,1
0.32553210854530334,0.92,1,1
1.3025317192077637,0.66,0,2
1.0763401985168457,0.74,1,2
1.3625788688659668,0.6,2,2
1.0128254890441895,0.68,0,3
0.8673681020736694,0.76,1,3
1.160579800605774,0.7,2,3
0.9349574446678162,0.78,3,3
1.2581932544708252,0.62,0,4
0.9429290294647217,0.76,1,4
1.6277693510055542,0.58,2,4
1.4716697931289673,0.64,3,4
0.6481521129608154,0.86,4,4
