loss,accuracy,group,training_group
1.1666151285171509,0.2,0,0
1.6592252254486084,0.4,0,1
0.4348362386226654,1.0,1,1
1.2566325664520264,0.6,0,2
0.7108111381530762,0.8,1,2
1.0510787963867188,0.6,2,2
1.51353120803833,0.4,0,3
1.4130127429962158,0.8,1,3
1.5598456859588623,0.4,2,3
1.5928637981414795,0.4,3,3
1.5249420404434204,0.4,0,4
2.134633779525757,0.2,1,4
1.7998167276382446,0.4,2,4
2.309290647506714,0.2,3,4
1.4214117527008057,0.6,4,4
