loss,accuracy,group,training_group
0.5139800906181335,0.7,0,0
0.772286057472229,0.8,0,1
0.06947273761034012,1.0,1,1
0.9990735054016113,0.6,0,2
0.46432381868362427,0.9,1,2
0.5735093355178833,0.9,2,2
0.5740087628364563,0.8,0,3
0.41367587447166443,0.8,1,3
1.1196653842926025,0.6,2,3
1.3925187587738037,0.6,3,3
0.8977645039558411,0.6,0,4
0.26176363229751587,1.0,1,4
1.3048982620239258,0.4,2,4
2.3873867988586426,0.4,3,4
0.5661088824272156,0.8,4,4
