loss,accuracy,group,training_group
20.80423355102539,0.2,0,0
2.38590407371521,0.4,0,1
0.8331698179244995,0.8,1,1
1.7114856243133545,0.6,0,2
1.067829966545105,0.6,1,2
0.39459189772605896,1.0,2,2
