loss,accuracy,group,training_group
1.3006432056427002,0.6,0,0
1.3635278940200806,0.6,0,1
1.091882586479187,0.6,1,1
1.3944822549819946,0.8,0,2
1.393703818321228,0.6,1,2
1.1961044073104858,0.8,2,2
1.5474498271942139,0.5,0,3
1.4190788269042969,0.6,1,3
1.659071683883667,0.7,2,3
1.9366750717163086,0.4,3,3
1.6504665613174438,0.7,0,4
1.4818775653839111,0.6,1,4
2.181060314178467,0.5,2,4
2.9189538955688477,0.2,3,4
0.801030158996582,0.8,4,4
