loss,accuracy,group,training_group
0.9081443548202515,0.6,0,0
1.1870663166046143,0.5,0,1
0.7498465776443481,0.7,1,1
1.6539338827133179,0.5,0,2
1.4080204963684082,0.6,1,2
0.805690586566925,0.7,2,2
1.3262003660202026,0.6,0,3
1.6305490732192993,0.7,1,3
1.5301612615585327,0.5,2,3
0.42474621534347534,0.9,3,3
1.6097110509872437,0.6,0,4
1.9893831014633179,0.5,1,4
2.0774643421173096,0.5,2,4
1.1407153606414795,0.7,3,4
1.0922014713287354,0.8,4,4
