loss,accuracy,group,training_group
1.4250537157058716,0.7,0,0
0.7995155453681946,0.8,0,1
0.4655238687992096,0.8,1,1
0.7282394170761108,0.6,0,2
0.7227651476860046,0.9,1,2
0.915942370891571,0.7,2,2
0.7646727561950684,0.7,0,3
0.5718026161193848,0.8,1,3
0.8904885053634644,0.8,2,3
0.605718731880188,0.7,3,3
0.8115167617797852,0.7,0,4
0.6056650876998901,0.9,1,4
1.3707900047302246,0.5,2,4
0.933930516242981,0.7,3,4
0.4096270203590393,0.8,4,4
