loss,accuracy,group,training_group
1.084627389907837,0.75,0,0
1.2365375757217407,0.65,0,1
0.7344311475753784,0.8,1,1
1.2495510578155518,0.65,0,2
1.3630387783050537,0.7,1,2
1.1051933765411377,0.7,2,2
1.5195276737213135,0.45,0,3
1.9208682775497437,0.35,1,3
1.9666519165039062,0.5,2,3
0.8836857676506042,0.75,3,3
1.4430166482925415,0.6,0,4
1.7695316076278687,0.4,1,4
2.047694683074951,0.35,2,4
2.166490316390991,0.4,3,4
0.8430472612380981,0.7,4,4
