loss,accuracy,group,training_group
0.2756165862083435,1.0,0,0
2.176337718963623,0.6,0,1
2.6612119674682617,0.8,1,1
1.5868983268737793,0.6,0,2
1.8671499490737915,0.8,1,2
1.3369507789611816,0.6,2,2
0.8612481355667114,0.8,0,3
1.362788438796997,0.6,1,3
2.590305805206299,0.4,2,3
0.45631590485572815,1.0,3,3
1.552623987197876,0.6,0,4
1.636858344078064,0.8,1,4
2.3340086936950684,0.4,2,4
1.1018595695495605,0.8,3,4
0.15115046501159668,1.0,4,4
