loss,accuracy,group,training_group
1.4149730205535889,0.6,0,0
1.4692370891571045,0.4,0,1
1.4378759860992432,0.6,1,1
1.5266830921173096,0.6,0,2
2.0817787647247314,0.2,1,2
0.6466646194458008,1.0,2,2
1.1584845781326294,0.8,0,3
1.8859809637069702,0.2,1,3
1.2331159114837646,0.8,2,3
0.8628607988357544,0.8,3,3
1.3161646127700806,0.4,0,4
2.271111488342285,0.2,1,4
1.2785807847976685,0.8,2,4
1.3509093523025513,0.8,3,4
1.2410085201263428,0.8,4,4
