loss,accuracy,group,training_group
23.955631256103516,0.1,0,0
2.5237271785736084,0.2,0,1
1.4371908903121948,0.6,1,1
3.7323241233825684,0.1,0,2
2.809833288192749,0.4,1,2
1.061234951019287,0.6,2,2
4.32820987701416,0.1,0,3
4.636953830718994,0.2,1,3
1.401222825050354,0.5,2,3
1.6405706405639648,0.5,3,3
5.581907749176025,0.0,0,4
6.480257511138916,0.0,1,4
4.137938022613525,0.1,2,4
2.7068533897399902,0.2,3,4
1.1963971853256226,0.7,4,4
