loss,accuracy,group,training_group
1.3531277179718018,0.5,0,0
1.5630275011062622,0.6,0,1
1.293765664100647,0.6,1,1
1.622725248336792,0.3,0,2
1.5729299783706665,0.4,1,2
0.9652298092842102,0.6,2,2
2.3443360328674316,0.1,0,3
2.4708316326141357,0.2,1,3
1.95652174949646,0.4,2,3
1.3436906337738037,0.7,3,3
2.095822334289551,0.2,0,4
2.5143518447875977,0.2,1,4
2.427459478378296,0.2,2,4
2.4550201892852783,0.4,3,4
0.9357137680053711,0.7,4,4
