loss,accuracy,group,training_group
0.08708146214485168,1.0,0,0
0.47024399042129517,0.9,0,1
0.3656807243824005,0.85,1,1
1.014412522315979,0.7,0,2
1.0800436735153198,0.75,1,2
1.1799354553222656,0.75,2,2
0.507372260093689,0.85,0,3
0.6357786655426025,0.85,1,3
1.8914098739624023,0.5,2,3
0.5200206637382507,0.75,3,3
0.5339008569717407,0.75,0,4
0.5320210456848145,0.85,1,4
1.8304904699325562,0.45,2,4
1.8177868127822876,0.4,3,4
0.23348668217658997,0.9,4,4
