loss,accuracy,group,training_group
0.36189571022987366,0.88,0,0
0.24900783598423004,0.96,0,1
0.21921062469482422,0.94,1,1
1.1642391681671143,0.58,0,2
0.9080787897109985,0.86,1,2
1.3283177614212036,0.62,2,2
0.8176732659339905,0.7,0,3
0.631316602230072,0.92,1,3
1.2423467636108398,0.62,2,3
0.8919413089752197,0.74,3,3
1.2754753828048706,0.62,0,4
0.4821808934211731,0.9,1,4
1.791419267654419,0.46,2,4
1.504668116569519,0.7,3,4
0.6261482834815979,0.84,4,4
