loss,accuracy,group,training_group
0.02285856008529663,1.0,0,0
0.46406617760658264,0.8,0,1
1.8395252227783203,0.6,1,1
0.818912148475647,0.8,0,2
1.411865234375,0.4,1,2
0.9561359286308289,0.6,2,2
0.5921814441680908,0.8,0,3
1.3653918504714966,0.4,1,3
1.595707654953003,0.6,2,3
0.7806376814842224,0.6,3,3
0.6241687536239624,0.6,0,4
1.2569847106933594,0.6,1,4
1.7061560153961182,0.4,2,4
1.1119225025177002,0.8,3,4
0.41608017683029175,0.8,4,4
