loss,accuracy,group,training_group
23.48044204711914,0.08,0,0
2.7933874130249023,0.18,0,1
1.737656593322754,0.58,1,1
4.288806915283203,0.08,0,2
3.3446521759033203,0.26,1,2
0.965728759765625,0.74,2,2
5.026341438293457,0.1,0,3
5.231756210327148,0.06,1,3
1.6076425313949585,0.48,2,3
1.260084867477417,0.68,3,3
6.063371181488037,0.06,0,4
6.7635297775268555,0.02,1,4
4.372566223144531,0.04,2,4
2.580324649810791,0.22,3,4
1.1620434522628784,0.74,4,4
