loss,accuracy,group,training_group
19.466007232666016,0.2,0,0
2.9238736629486084,0.0,0,1
2.104095935821533,0.6,1,1
5.356694221496582,0.0,0,2
1.2541226148605347,0.6,1,2
1.1461541652679443,0.8,2,2
5.450395107269287,0.0,0,3
3.331155300140381,0.2,1,3
1.2367993593215942,0.4,2,3
1.1473982334136963,0.6,3,3
6.5777587890625,0.0,0,4
5.655755996704102,0.0,1,4
3.198251247406006,0.2,2,4
2.0627505779266357,0.4,3,4
1.3340418338775635,0.8,4,4
