loss,accuracy,group,training_group
1.3181544542312622,0.6,0,0
1.481446623802185,0.6,0,1
1.714077353477478,0.6,1,1
1.6286004781723022,0.6,0,2
2.4338581562042236,0.4,1,2
0.9320425987243652,0.8,2,2
1.9813191890716553,0.4,0,3
2.242748260498047,0.4,1,3
1.510086178779602,0.6,2,3
2.023428440093994,0.4,3,3
1.6972053050994873,0.4,0,4
2.111600399017334,0.6,1,4
2.171937942504883,0.4,2,4
2.3558974266052246,0.6,3,4
1.4945764541625977,0.4,4,4
