loss,accuracy,group,training_group
1.2995851039886475,0.8,0,0
1.7583345174789429,0.5,0,1
0.8090782165527344,0.9,1,1
1.6421798467636108,0.6,0,2
1.1594722270965576,0.8,1,2
0.7637926340103149,0.7,2,2
1.7994447946548462,0.5,0,3
1.4006712436676025,0.7,1,3
1.0777549743652344,0.7,2,3
0.7655564546585083,0.7,3,3
1.8058240413665771,0.4,0,4
1.5154465436935425,0.5,1,4
1.7307968139648438,0.4,2,4
1.353164553642273,0.8,3,4
1.1676077842712402,0.5,4,4
