loss,accuracy,group,training_group
0.6449024081230164,0.8,0,0
1.0182474851608276,0.74,0,1
0.6322911977767944,0.84,1,1
0.9600738286972046,0.74,0,2
1.1258012056350708,0.74,1,2
0.6237961649894714,0.84,2,2
0.9584829807281494,0.82,0,3
1.4595990180969238,0.62,1,3
1.4969366788864136,0.6,2,3
0.793201208114624,0.76,3,3
1.1001241207122803,0.72,0,4
1.668398141860962,0.58,1,4
1.8217283487319946,0.54,2,4
2.0784897804260254,0.4,3,4
0.9273926615715027,0.68,4,4
