loss,accuracy,group,training_group
0.03011174499988556,1.0,0,0
0.5542388558387756,0.6,0,1
0.33288323879241943,0.8,1,1
1.1028616428375244,0.6,0,2
0.3276495635509491,1.0,1,2
2.147796630859375,0.6,2,2
0.867306113243103,0.8,0,3
0.680562436580658,0.8,1,3
1.9348392486572266,0.4,2,3
0.5875721573829651,0.8,3,3
1.2836440801620483,0.8,0,4
0.7961825132369995,1.0,1,4
1.9968249797821045,0.2,2,4
0.6460169553756714,0.8,3,4
0.8618340492248535,0.8,4,4
