loss,accuracy,group,training_group
0.4361712336540222,0.9,0,0
0.6942800879478455,0.92,0,1
0.3601769506931305,0.92,1,1
1.0417457818984985,0.78,0,2
1.0735543966293335,0.82,1,2
0.6967733502388,0.8,2,2
1.6857995986938477,0.44,0,3
1.9653677940368652,0.38,1,3
1.283657193183899,0.7,2,3
0.9421989917755127,0.72,3,3
2.023899793624878,0.28,0,4
2.287356376647949,0.38,1,4
2.0915465354919434,0.44,2,4
1.7927501201629639,0.52,3,4
0.6425955295562744,0.8,4,4
