loss,accuracy,group,training_group
0.7765429615974426,0.8,0,0
0.8310515284538269,0.7,0,1
0.7310086488723755,0.8,1,1
