loss,accuracy,group,training_group
18.771163940429688,0.2,0,0
2.725667953491211,0.2,0,1
0.9865535497665405,0.6,1,1
4.3346052169799805,0.0,0,2
0.7366756200790405,0.8,1,2
1.126133680343628,0.4,2,2
4.186614036560059,0.0,0,3
2.7297563552856445,0.4,1,3
1.5872935056686401,0.4,2,3
1.2856160402297974,0.6,3,3
5.278429985046387,0.0,0,4
3.0589985847473145,0.2,1,4
3.326937198638916,0.2,2,4
2.19907808303833,0.4,3,4
1.2744935750961304,0.4,4,4
