loss,accuracy,group,training_group
0.6545988321304321,0.8,0,0
0.43521031737327576,0.8,0,1
0.750644326210022,1.0,1,1
0.9119775891304016,0.8,0,2
1.9442650079727173,0.4,1,2
0.90740567445755,0.8,2,2
0.951893150806427,0.6,0,3
1.3942668437957764,0.4,1,3
1.1741809844970703,0.6,2,3
0.8634132146835327,0.8,3,3
1.0787224769592285,0.4,0,4
1.314274549484253,0.8,1,4
1.5245730876922607,0.6,2,4
1.1623315811157227,0.8,3,4
0.9899351000785828,0.4,4,4
