loss,accuracy,group,training_group
0.29960182309150696,0.9,0,0
0.7876633405685425,0.72,0,1
0.4931715130805969,0.82,1,1
1.2092496156692505,0.54,0,2
1.1312499046325684,0.7,1,2
0.5023240447044373,0.84,2,2
1.530469536781311,0.48,0,3
1.9398446083068848,0.44,1,3
0.9305499792098999,0.76,2,3
0.8278800249099731,0.72,3,3
1.8860397338867188,0.3,0,4
2.0478620529174805,0.3,1,4
1.8597429990768433,0.44,2,4
1.3543003797531128,0.54,3,4
0.7583534717559814,0.76,4,4
