loss,accuracy,group,training_group
0.6956568360328674,0.9,0,0
0.34716853499412537,0.9,0,1
0.1923738270998001,0.9,1,1
0.8109971880912781,0.7,0,2
0.8530869483947754,0.7,1,2
1.1725648641586304,0.7,2,2
0.4688751697540283,0.9,0,3
0.5088679790496826,0.9,1,3
1.8180450201034546,0.6,2,3
0.8759281039237976,0.8,3,3
0.4417415261268616,0.9,0,4
0.7346528172492981,0.8,1,4
1.5055872201919556,0.5,2,4
1.5171774625778198,0.6,3,4
0.344033807516098,0.9,4,4
