loss,accuracy,group,training_group
0.8453816175460815,0.8,0,0
1.3419430255889893,0.55,0,1
0.7683678865432739,0.8,1,1
1.8557599782943726,0.4,0,2
1.7584435939788818,0.45,1,2
0.9230226278305054,0.75,2,2
1.753941535949707,0.35,0,3
2.042320728302002,0.35,1,3
1.9191499948501587,0.5,2,3
0.9644923210144043,0.6,3,3
2.756239414215088,0.2,0,4
2.3016469478607178,0.15,1,4
2.882434129714966,0.2,2,4
1.9586187601089478,0.45,3,4
0.7021616101264954,0.7,4,4
