loss,accuracy,group,training_group
0.27583640813827515,0.9,0,0
0.31548792123794556,0.8,0,1
0.49087056517601013,0.85,1,1
0.91473788022995,0.75,0,2
1.1839345693588257,0.65,1,2
1.5826590061187744,0.55,2,2
0.580920934677124,0.8,0,3
0.880885124206543,0.75,1,3
1.4908421039581299,0.55,2,3
0.6841412782669067,0.85,3,3
0.8022247552871704,0.75,0,4
0.9774627685546875,0.65,1,4
1.9759613275527954,0.5,2,4
0.8334082365036011,0.85,3,4
0.6669429540634155,0.85,4,4
