loss,accuracy,group,training_group
1.1232620477676392,0.8,0,0
0.7572759985923767,0.8,0,1
0.6768873929977417,0.8,1,1
1.2697044610977173,0.7,0,2
1.145377278327942,0.8,1,2
1.00331449508667,0.8,2,2
1.0025036334991455,0.7,0,3
0.7909247279167175,0.7,1,3
1.5838812589645386,0.5,2,3
0.9936481714248657,0.6,3,3
0.9109942317008972,0.7,0,4
0.8859041333198547,0.8,1,4
1.9218482971191406,0.6,2,4
1.2768512964248657,0.6,3,4
0.2747035622596741,0.9,4,4
