loss,accuracy,group,training_group
0.25,0.92,0,0
0.4808020293712616,0.9,0,1
0.42473748326301575,0.88,1,1
1.2666616439819336,0.64,0,2
1.2104594707489014,0.76,1,2
1.4773051738739014,0.58,2,2
0.4336608648300171,0.88,0,3
0.6114284992218018,0.84,1,3
1.5660285949707031,0.6,2,3
0.5566436052322388,0.84,3,3
0.4582047164440155,0.8,0,4
0.36724814772605896,0.88,1,4
1.5276517868041992,0.54,2,4
1.4568520784378052,0.62,3,4
0.35281676054000854,0.88,4,4
