loss,accuracy,group,training_group
0.04993510991334915,1.0,0,0
0.2967849373817444,0.85,0,1
0.2114848643541336,1.0,1,1
0.5903273820877075,0.85,0,2
0.6622455716133118,0.8,1,2
0.8187281489372253,0.8,2,2
0.4851045608520508,0.85,0,3
0.6487011909484863,0.85,1,3
1.0258305072784424,0.65,2,3
0.43016353249549866,0.85,3,3
0.42213931679725647,0.85,0,4
0.6243587732315063,0.85,1,4
1.2281345129013062,0.6,2,4
1.2511872053146362,0.6,3,4
0.3648345172405243,0.85,4,4
