loss,accuracy,group,training_group
0.3221484422683716,0.94,0,0
0.6463866233825684,0.78,0,1
0.5392436385154724,0.86,1,1
0.9569974541664124,0.68,0,2
1.2242852449417114,0.62,1,2
0.5137977600097656,0.82,2,2
1.1211285591125488,0.68,0,3
2.011835813522339,0.36,1,3
1.5619990825653076,0.54,2,3
0.7430709004402161,0.82,3,3
0.8431215882301331,0.72,0,4
1.7627649307250977,0.5,1,4
1.521665334701538,0.64,2,4
1.7084763050079346,0.48,3,4
0.4473586976528168,0.9,4,4
