loss,accuracy,group,training_group
0.1969597041606903,0.9,0,0
0.6964309811592102,0.85,0,1
0.19663015007972717,0.95,1,1
0.7434796094894409,0.8,0,2
0.3639460504055023,0.95,1,2
0.8265749216079712,0.85,2,2
0.9780024290084839,0.75,0,3
0.4357520043849945,0.9,1,3
1.1218012571334839,0.65,2,3
0.4456033706665039,0.8,3,3
0.9443303346633911,0.6,0,4
0.5802620053291321,0.9,1,4
1.548765778541565,0.6,2,4
1.200472354888916,0.65,3,4
0.5356613993644714,0.8,4,4
