loss,accuracy,group,training_group
0.7765429615974426,0.8,0,0
0.8310515284538269,0.7,0,1
0.7310086488723755,0.8,1,1
0.9678597450256348,0.75,0,2
0.9948272705078125,0.7,1,2
0.6371906995773315,0.9,2,2
1.5809941291809082,0.55,0,3
1.8555889129638672,0.4,1,3
1.3849685192108154,0.55,2,3
0.4852163791656494,0.8,3,3
1.404958724975586,0.6,0,4
1.5440375804901123,0.65,1,4
1.5812968015670776,0.7,2,4
0.9812723398208618,0.7,3,4
0.6564444303512573,0.8,4,4
