loss,accuracy,group,training_group
21.663925170898438,0.2,0,0
3.515657424926758,0.2,0,1
1.7234652042388916,0.6,1,1
2.195896625518799,0.2,0,2
1.1721737384796143,0.6,1,2
1.0855801105499268,0.4,2,2
