loss,accuracy,group,training_group
21.61551284790039,0.1,0,0
3.4390382766723633,0.16,0,1
1.2115968465805054,0.58,1,1
4.256760120391846,0.12,0,2
3.01450252532959,0.28,1,2
0.8338878750801086,0.82,2,2
4.034776210784912,0.1,0,3
4.165809631347656,0.2,1,3
1.672178030014038,0.52,2,3
1.1173969507217407,0.7,3,3
4.519650459289551,0.04,0,4
4.884496688842773,0.04,1,4
3.9159226417541504,0.0,2,4
2.667940378189087,0.22,3,4
1.2439334392547607,0.66,4,4
