loss,accuracy,group,training_group
0.38422030210494995,0.9,0,0
0.7485352754592896,0.75,0,1
0.5718801617622375,0.9,1,1
0.8098322153091431,0.8,0,2
0.9980462789535522,0.75,1,2
0.6000353097915649,0.75,2,2
1.0191166400909424,0.45,0,3
1.8228727579116821,0.45,1,3
1.366459608078003,0.65,2,3
0.6596776247024536,0.75,3,3
1.4414141178131104,0.5,0,4
1.6904850006103516,0.4,1,4
2.0833308696746826,0.45,2,4
1.6623274087905884,0.55,3,4
0.8992626070976257,0.8,4,4
